[c0] PUT,66
[c4]GET,41
[c16]GET,54
[c35]GET,57
[c26]GET,73
[c65]GET,75
[c24]GET,87
[c56]GET,112
[c45]GET,117
[c64]GET,124
[c36]GET,147
[c14]GET,166
[c85]GET,160
[c46]GET,173
[c95]GET,185
[c54]GET,196
[c15]GET,201
[c75]GET,212
[c86]GET,222
[c84]GET,233
[c8]GET,273
[c25]GET,276
[c6]GET,278
[c74]GET,289
[c55]GET,304
[c3]GET,312
[c76]GET,304
[c5]GET,348
[c62]GET,354
[c66]GET,357
[c96]GET,403
[c2]GET,433
[c1]GET,464
[c87]GET,539
[c29]GET,587
[c69]GET,586
[c72]GET,669
[c20]GET,695
[c41]GET,710
[c12]GET,739
[c34]GET,757
[c44]GET,776
[c22]GET,830
[c37]GET,854
[c78]GET,882
[c30]GET,937
[c17]GET,986
[c47]GET,1085
[c23]GET,1096
[c39]GET,1126
[c61]GET,1133
[c60]GET,1161
[c51]GET,1209
[c31]GET,1237
[c80]GET,1305
[c57]GET,1341
[c49]GET,1362
[c28]GET,1400
[c82]GET,1425
[c38]GET,1492
[c43]GET,1550
[c89]GET,1544
[c10]GET,1581
[c58]GET,1639
[c77]GET,1648
[c11]GET,1694
[c68]GET,1689
[c50]GET,1710
[c94]GET,1751
[c79]GET,1787
[c71]GET,1822
[c83]GET,1850
[c7]GET,1903
[c21]GET,1915
[c67]GET,1947
[c13]GET,1997
[c59]GET,1995
[c19]GET,2033
[c33]GET,2075
[c32]GET,2109
[c48]GET,2122
[c92]GET,2140
[c90]GET,2182
[c40]GET,2223
[c53]GET,2263
[c91]GET,2289
[c99]GET,2305
[c98]GET,2317
[c88]GET,2376
[c9]GET,2416
[c93]GET,2434
[c42]GET,2521
[c27]GET,2524
[c100]GET,2519
[c63]GET,2549
[c81]GET,2560
[c70]GET,2581
[c97]GET,2588
[c18]GET,2598
[c52]GET,2632
[c73]GET,2666
